{
    "name": "root",
    "metadata": {
        "timer_format_version": "0.1.0",
        "start_time_seconds": "1650870159",
        "python_version": "3.8.10 (tags/v3.8.10:3d8993a, May  3 2021, 11:48:03) [MSC v.1928 64 bit (AMD64)]",
        "command_line_arguments": "C:\\Users\\Cinde\\source\\repos\\pixel_walker\\ML-Agents\\python-env-mlagents\\Scripts\\mlagents-learn .\\Assets\\ML-Agents\\stand_ppo.yaml --run-id=ppo_stand_test --force",
        "mlagents_version": "0.29.0",
        "mlagents_envs_version": "0.29.0",
        "communication_protocol_version": "1.5.0",
        "pytorch_version": "1.11.0+cu113",
        "numpy_version": "1.21.2",
        "end_time_seconds": "1650870333"
    },
    "total": 173.3609644,
    "count": 1,
    "self": 0.0031874000000016167,
    "children": {
        "run_training.setup": {
            "total": 0.10426860000000004,
            "count": 1,
            "self": 0.10426860000000004
        },
        "TrainerController.start_learning": {
            "total": 173.2535084,
            "count": 1,
            "self": 0.17891709999989303,
            "children": {
                "TrainerController._reset_env": {
                    "total": 4.6819347,
                    "count": 1,
                    "self": 4.6819347
                },
                "TrainerController.advance": {
                    "total": 168.3121776000001,
                    "count": 13672,
                    "self": 0.08092590000052269,
                    "children": {
                        "env_step": {
                            "total": 168.23125169999958,
                            "count": 13672,
                            "self": 136.66890840000036,
                            "children": {
                                "SubprocessEnvManager._take_step": {
                                    "total": 31.47434359999948,
                                    "count": 13672,
                                    "self": 0.4661553000001817,
                                    "children": {
                                        "TorchPolicy.evaluate": {
                                            "total": 31.008188299999297,
                                            "count": 12430,
                                            "self": 17.232129199999658,
                                            "children": {
                                                "TorchPolicy.sample_actions": {
                                                    "total": 13.776059099999639,
                                                    "count": 12430,
                                                    "self": 13.776059099999639
                                                }
                                            }
                                        }
                                    }
                                },
                                "workers": {
                                    "total": 0.08799969999972745,
                                    "count": 13671,
                                    "self": 0.0,
                                    "children": {
                                        "worker_root": {
                                            "total": 108.3188855000005,
                                            "count": 13671,
                                            "is_parallel": true,
                                            "self": 60.324874200001034,
                                            "children": {
                                                "steps_from_proto": {
                                                    "total": 0.0003188999999998998,
                                                    "count": 1,
                                                    "is_parallel": true,
                                                    "self": 8.499999999989072e-05,
                                                    "children": {
                                                        "_process_rank_one_or_two_observation": {
                                                            "total": 0.0002339000000000091,
                                                            "count": 2,
                                                            "is_parallel": true,
                                                            "self": 0.0002339000000000091
                                                        }
                                                    }
                                                },
                                                "UnityEnvironment.step": {
                                                    "total": 47.993692399999475,
                                                    "count": 13671,
                                                    "is_parallel": true,
                                                    "self": 1.1174873999999733,
                                                    "children": {
                                                        "UnityEnvironment._generate_step_input": {
                                                            "total": 2.0106257999994455,
                                                            "count": 13671,
                                                            "is_parallel": true,
                                                            "self": 2.0106257999994455
                                                        },
                                                        "communicator.exchange": {
                                                            "total": 42.147598799999706,
                                                            "count": 13671,
                                                            "is_parallel": true,
                                                            "self": 42.147598799999706
                                                        },
                                                        "steps_from_proto": {
                                                            "total": 2.7179804000003465,
                                                            "count": 13671,
                                                            "is_parallel": true,
                                                            "self": 0.7944153000000549,
                                                            "children": {
                                                                "_process_rank_one_or_two_observation": {
                                                                    "total": 1.9235651000002916,
                                                                    "count": 27342,
                                                                    "is_parallel": true,
                                                                    "self": 1.9235651000002916
                                                                }
                                                            }
                                                        }
                                                    }
                                                }
                                            }
                                        }
                                    }
                                }
                            }
                        }
                    }
                },
                "TrainerController._save_models": {
                    "total": 0.08047899999999686,
                    "count": 1,
                    "self": 0.009714800000011792,
                    "children": {
                        "RLTrainer._checkpoint": {
                            "total": 0.07076419999998507,
                            "count": 1,